{"cameraMode":{"drawMode":0,"name":"Shaded","section":"Shading Mode"},"sceneLighting":true,"audioPlay":false,"sceneViewState":{"showFog":true,"showMaterialUpdate":false,"showSkybox":true,"showFlares":true,"showImageEffects":true,"showParticleSystems":true},"in2DMode":false,"pivot":{"x":214.1984100341797,"y":-110.00997924804688,"z":127.88867950439453},"rotation":{"x":0.19936469197273255,"y":0.6531032919883728,"z":-0.18412776291370393,"w":0.7070737481117249},"size":233.34524536132813,"orthographic":false}