{"cameraMode":{"drawMode":0,"name":"Shaded","section":"Shading Mode"},"sceneLighting":true,"audioPlay":false,"sceneViewState":{"showFog":true,"showMaterialUpdate":false,"showSkybox":true,"showFlares":true,"showImageEffects":true,"showParticleSystems":true},"in2DMode":false,"pivot":{"x":6.906147480010986,"y":-21.096452713012697,"z":-165.33724975585938},"rotation":{"x":0.0004866892995778471,"y":-0.9978998899459839,"z":0.06476370245218277,"w":0.0074598779901862148},"size":245.14112854003907,"orthographic":false}