{"cameraMode":{"drawMode":0,"name":"Shaded","section":"Shading Mode"},"sceneLighting":true,"audioPlay":false,"sceneViewState":{"showFog":true,"showMaterialUpdate":false,"showSkybox":true,"showFlares":true,"showImageEffects":true,"showParticleSystems":true},"in2DMode":false,"pivot":{"x":60.56275177001953,"y":22.09637451171875,"z":19.948833465576173},"rotation":{"x":0.00693484116345644,"y":0.8048019409179688,"z":0.009411513805389405,"w":-0.5934566855430603},"size":10.0,"orthographic":false}